,Attained_Age,Observation_Year,Death_Claim_Amount,Amount_Exposed,qx
0,18,2012,0,960025088.6955566,0.0
1,18,2013,200000,1088841046.6725464,0.0001836815397538436
2,18,2014,100000,1113293634.5343018,8.982356217443988e-05
3,18,2015,100213,1366059646.8256836,7.335916863722987e-05
4,18,2016,250000,1649609150.0170898,0.00015155105074278352
5,18,2017,470103,1500061898.4064941,0.00031338906781072656
6,18,2018,0,1498613352.6047974,0.0
7,18,2019,900000,1561204249.0863953,0.0005764780620643795
8,19,2012,200000,1975383481.2323608,0.0001012461640487285
9,19,2013,870241,2443879024.298218,0.00035609004838113773
10,19,2014,650001,2413851473.659607,0.0002692796168666262
11,19,2015,500000,2908280435.764679,0.00017192289775471193
12,19,2016,400001,3316720273.511566,0.00012060136731895702
13,19,2017,11901366,3293602226.586426,0.003613480068701217
14,19,2018,450000,3187194048.2042236,0.00014119002269521232
15,19,2019,1400000,3363085554.7482605,0.00041628438444670944
16,20,2012,1800940,3360016451.029175,0.0005359914233301956
17,20,2013,352972,4335515574.762207,8.141407726792901e-05
18,20,2014,1101614,4397646919.180023,0.0002505007837703816
19,20,2015,1979500,5231543008.9539795,0.00037837785078169336
20,20,2016,2860303,5998343432.983856,0.0004768488220050368
21,20,2017,2943616,6138148565.313232,0.00047956089180285034
22,20,2018,2950282,6055457350.640167,0.00048721043336026534
23,20,2019,5250000,5955115542.574402,0.0008815949854317051
24,21,2012,2832024,5095797173.373688,0.0005557568136341364
25,21,2013,2545115,6883110098.37793,0.00036976235504351156
26,21,2014,4788754,7019624073.463867,0.0006821952215507982
27,21,2015,1705000,8013982916.273682,0.00021275313633845204
28,21,2016,2921376,8956361571.747131,0.0003261788815243334
29,21,2017,1908650,9457537617.06134,0.00020181257292139202
30,21,2018,3454289,9334830106.253174,0.0003700430495983056
31,21,2019,4712639,9352703176.30783,0.0005038798849019402
32,22,2012,2375000,7872694961.5177,0.0003016756030316392
33,22,2013,7305983,10340527943.602264,0.0007065386835031231
34,22,2014,2700523,10433403547.052979,0.00025883432839735125
35,22,2015,2362147,11837673773.25415,0.00019954486373302473
36,22,2016,2911029,13030368630.54779,0.00022340342645222784
37,22,2017,3116010,13579078528.41919,0.0002294713881710463
38,22,2018,3647770,13891149092.35382,0.00026259670641702793
39,22,2019,6930147,13974038238.804596,0.0004959301585962196
40,23,2012,2026407,11799859165.149353,0.00017173145642152682
41,23,2013,3887293,15487244469.162354,0.0002509996537951111
42,23,2014,6709479,15609725617.70102,0.0004298268377242728
43,23,2015,4230323,17051863478.588135,0.00024808567141720183
44,23,2016,4485486,18671998599.34912,0.00024022527508953207
45,23,2017,3385290,19518889519.644714,0.00017343660850136414
46,23,2018,5833276,19746976927.369843,0.0002954009629653703
47,23,2019,4949158,20500319733.19455,0.0002414185761203626
48,24,2012,7421620,17108038407.63446,0.0004338089395852714
49,24,2013,4687146,21950620607.16736,0.00021353136587261428
50,24,2014,3331775,22498852433.498688,0.00014808644173510373
51,24,2015,4160967,24377366381.293274,0.00017068976750470662
52,24,2016,5578313,25883715162.691498,0.00021551438674617
53,24,2017,7293366,26993212095.740295,0.00027019259412817124
54,24,2018,6470920,27571238554.043823,0.00023469819780914128
55,24,2019,4486645,27871824559.319336,0.00016097421216365354
56,25,2012,4100584,24442339321.30374,0.00016776561138834878
57,25,2013,6473345,30563515928.696594,0.0002117997489262048
58,25,2014,5690532,31258814849.60739,0.0001820456734325445
59,25,2015,7125733,34171382606.11389,0.00020852925625330346
60,25,2016,10640580,35627661640.08966,0.0002986606336248236
61,25,2017,20886203,36326444832.26599,0.0005749586312792269
62,25,2018,7888104,36928067653.019775,0.00021360727764359352
63,25,2019,6527018,37783976394.082,0.00017274566159802886
64,26,2012,8274585,34301299703.415558,0.00024123240435627158
65,26,2013,6799041,41335076581.9718,0.000164485990161813
66,26,2014,7821220,41551973111.39911,0.00018822740328194848
67,26,2015,10125521,44694794111.608,0.00022654810702820151
68,26,2016,10032255,47561342430.554596,0.00021093296545715305
69,26,2017,15767229,48245851477.47101,0.00032681004722991987
70,26,2018,8594965,48271178369.33246,0.00017805583560107443
71,26,2019,13948277,49585678798.47348,0.0002812964819275481
72,27,2012,7467557,46525387630.99869,0.00016050499265533375
73,27,2013,10889412,55479121703.649536,0.00019627945911197925
74,27,2014,9114797,54844188240.262634,0.00016619440076439266
75,27,2015,9767975,57955368458.01199,0.00016854305752670327
76,27,2016,15254858,60957984528.397156,0.000250252007477274
77,27,2017,9275324,63037723483.32684,0.00014713926023126892
78,27,2018,15363265,63129022662.56662,0.0002433629470571528
79,27,2019,14031299,63338447660.306885,0.00022152893729337754
80,28,2012,9017501,60917805215.98639,0.00014802734550314325
81,28,2013,13848516,72055020586.26447,0.0001921936304691013
82,28,2014,11845340,72024695571.96497,0.00016446220155369464
83,28,2015,23018658,74478559737.01321,0.0003090642203780498
84,28,2016,16831002,76888746520.96841,0.00021890072034676751
85,28,2017,15368313,78980112129.28601,0.00019458459333209017
86,28,2018,11990851,81274831681.05664,0.0001475346149845648
87,28,2019,14495478,81733703926.48401,0.0001773500686208723
88,29,2012,9511223,80274408475.9443,0.00011848387525459265
89,29,2013,16839353,91563104796.92722,0.00018390980774785954
90,29,2014,10214844,92022609067.6492,0.00011100363381884438
91,29,2015,17991445,96457852199.52094,0.00018652131049720134
92,29,2016,17224713,97402527744.06387,0.00017684051326942845
93,29,2017,26623977,98267223753.21893,0.00027093445793138
94,29,2018,17150804,101127312403.12064,0.00016959616143690526
95,29,2019,18116183,104087733011.64963,0.00017404724337662743
96,30,2012,17145852,101399882860.30612,0.00016909143794200472
97,30,2013,32576458,116338639865.29114,0.0002800140867876776
98,30,2014,20673022,115073761449.72797,0.00017965018036741052
99,30,2015,25462202,120483985750.34143,0.0002113326666729055
100,30,2016,21091523,123732206889.67032,0.0001704610588478949
101,30,2017,38971657,122741848715.8151,0.00031750912510883963
102,30,2018,28507043,124597536416.35284,0.000228792990775848
103,30,2019,26511436,127870451731.66016,0.00020733043201907986
104,31,2012,17683760,124249533050.19818,0.0001423245590215262
105,31,2013,20572427,141798914892.0329,0.00014508169555221245
106,31,2014,24234633,142601197666.0578,0.0001699469106616653
107,31,2015,29156661,145889509275.60953,0.0001998544045063461
108,31,2016,31185352,150099485995.45953,0.00020776454891353424
109,31,2017,31749473,152348251671.40866,0.00020840063900751972
110,31,2018,45491500,152054377505.9084,0.00029917915384075237
111,31,2019,25424168,153785722372.7701,0.0001653220312505532
112,32,2012,17968736,147492948356.84473,0.00012182776329432649
113,32,2013,29162526,167553836142.98944,0.00017404869187902613
114,32,2014,26380488,170404831523.64218,0.0001548106809186331
115,32,2015,35537311,176807223395.3501,0.00020099467837089854
116,32,2016,43316502,177596256974.0823,0.0002439043634028922
117,32,2017,45584143,180742873538.85947,0.00025220437247391376
118,32,2018,36640215,185651799079.00592,0.00019735987036897715
119,32,2019,53939292,184815525479.41867,0.0002918547663140279
120,33,2012,31807378,169697053288.7195,0.0001874362423128438
121,33,2013,36243110,192441741025.30444,0.00018833289392884022
122,33,2014,54955589,197285506712.00696,0.0002785586732441677
123,33,2015,36055555,206066161744.61752,0.00017497077004173284
124,33,2016,44093745,210205066773.22168,0.00020976537662420022
125,33,2017,38123437,209389884738.90582,0.000182069143633835
126,33,2018,57621811,215491246680.0838,0.0002673974552922086
127,33,2019,41612827,220288708604.58344,0.0001889013162027052
128,34,2012,40715460,192796062446.04007,0.00021118408479631412
129,34,2013,38068514,215064777847.5404,0.00017700952420478076
130,34,2014,50378182,222273240619.065,0.0002266497841111645
131,34,2015,50548728,234175331630.68167,0.00021585846659425464
132,34,2016,46166440,240541400625.7685,0.00019192721036752092
133,34,2017,37046726,242864617833.3456,0.00015254064725649566
134,34,2018,58345178,245913855691.7817,0.00023725860357021704
135,34,2019,46014626,252218032163.04437,0.0001824398739668788
136,35,2012,53858797,214694556947.3719,0.0002508624241144708
137,35,2013,60608851,239058754160.76947,0.00025353119241657186
138,35,2014,54125665,244486972297.8036,0.00022138465903234652
139,35,2015,61740848,259531003443.91107,0.00023789392088311028
140,35,2016,54225330,268337442210.23022,0.0002020788808052993
141,35,2017,54571816,273376550151.13022,0.00019962142316095206
142,35,2018,56989763,280659449883.16614,0.00020305663331031217
143,35,2019,57700194,283784577819.9065,0.0002033239242360003
144,36,2012,53685286,231206592171.35455,0.00023219617354254383
145,36,2013,58973114,258420690706.13956,0.00022820585239848566
146,36,2014,64656759,266288687510.35846,0.00024280700620256312
147,36,2015,62133906,279168092881.62634,0.00022256807845997715
148,36,2016,61509111,289862248324.2231,0.00021220117954511786
149,36,2017,86696439,297042202708.288,0.0002918657288746971
150,36,2018,62370942,308958353298.42664,0.000201874917231175
151,36,2019,82890058,315040306497.609,0.0002631093745480123
152,37,2012,66051917,251200202858.04813,0.0002629453171155502
153,37,2013,69227099,274293949108.92532,0.0002523828878649784
154,37,2014,80023204,284088110947.10504,0.00028168445252149145
155,37,2015,73731297,300084940251.74854,0.0002457014235307677
156,37,2016,81696352,307812402574.0546,0.0002654095524313553
157,37,2017,95320793,316803157030.96234,0.00030088334312490436
158,37,2018,79046937,332594315464.06323,0.00023766773310514086
159,37,2019,99160933,342337202729.50195,0.00028965865295789103
160,38,2012,59894688,263934048017.45462,0.00022693050953410534
161,38,2013,85659555,292932466124.53894,0.0002924208304161896
162,38,2014,101998158,297494568676.58356,0.0003428572106500729
163,38,2015,82533933,315981656410.56775,0.0002611984946770464
164,38,2016,99106371,325901177287.79785,0.0003040994568500157
165,38,2017,93068621,331114019712.9398,0.0002810772587662887
166,38,2018,97489569,351433495284.1659,0.00027740545596307154
167,38,2019,109531428,363096240942.5249,0.0003016594931296408
168,39,2012,115863861,282141248311.5831,0.0004106590641863382
169,39,2013,108751406,305598196466.7759,0.0003558640308004019
170,39,2014,102117588,317283895050.642,0.00032184926368135044
171,39,2015,86499793,329592839522.57385,0.0002624443938930767
172,39,2016,180972391,342344587328.74316,0.0005286264123878718
173,39,2017,109617967,348628116439.62744,0.00031442663924951316
174,39,2018,95784797,366007000889.1316,0.0002617020897614319
175,39,2019,134029711,380067857039.7115,0.00035264679324354406
176,40,2012,88736773,309624601941.0782,0.0002865947099929956
177,40,2013,102672865,323113842498.6836,0.00031776065118726166
178,40,2014,103367086,327456264025.8949,0.0003156668457923463
179,40,2015,109271892,347333260665.81555,0.00031460244201932406
180,40,2016,129867521,352792968544.0949,0.00036811255489568553
181,40,2017,126720783,362668270167.5541,0.0003494123788150933
182,40,2018,139977448,380082895745.36505,0.00036828136589913085
183,40,2019,136936771,391481767819.1428,0.0003497909283562401
184,41,2012,105137958,335633046582.71497,0.00031325269984727
185,41,2013,131046480,349263356992.5747,0.000375208212875266
186,41,2014,130458340,342584372060.5485,0.0003808064542329524
187,41,2015,144878149,354986661155.931,0.0004081227968629531
188,41,2016,141741374,367093252983.51825,0.00038611816710879156
189,41,2017,168076735,368735072697.96844,0.00045581976721176167
190,41,2018,142804012,388871110254.60376,0.00036722710490502263
191,41,2019,121092754,401530511776.32446,0.00030157796343869284
192,42,2012,111776360,334949235854.6426,0.00033371134498872963
193,42,2013,153339759,374389299964.38196,0.00040957302736640227
194,42,2014,174541584,367397458901.9259,0.00047507564293359096
195,42,2015,158564697,369182149023.36707,0.0004295026111621767
196,42,2016,128613582,373153236791.24036,0.00034466693390081067
197,42,2017,129580570,381123531211.869,0.00033999624632981615
198,42,2018,187741841,392128657600.16064,0.00047877612962282786
199,42,2019,186241241,407636212786.64185,0.00045688100114275003
200,43,2012,147202863,322137559792.34515,0.00045695653463970247
201,43,2013,153480036,369707168082.76215,0.00041513946509590577
202,43,2014,155721966,392120421770.9103,0.00039712791620676654
203,43,2015,171917589,394196058611.2827,0.00043612203938732977
204,43,2016,201087080,385370597500.89026,0.0005218018222044962
205,43,2017,209986348,384464805078.344,0.00054617833733106
206,43,2018,181585595,402353186148.2916,0.00045130895256058606
207,43,2019,196190489,408036642171.8687,0.0004808158599574074
208,44,2012,163337003,308574894458.8607,0.0005293269346699108
209,44,2013,161533993,353392521916.6198,0.00045709510807960074
210,44,2014,239706676,385422956340.42035,0.0006219314964422666
211,44,2015,226558864,418427114024.6766,0.0005414535922895255
212,44,2016,186456229,410230181286.4221,0.0004545161168183687
213,44,2017,195429655,395724941889.0325,0.0004938522552232797
214,44,2018,210780486,404634289785.1409,0.0005209160254607279
215,44,2019,164585513,416423556394.5466,0.00039523583734072206
216,45,2012,173825873,303190306371.6316,0.0005733226602137311
217,45,2013,140792664,337101642219.88086,0.0004176564168387093
218,45,2014,216190430,367429125816.161,0.000588386752192771
219,45,2015,220063715,408987593694.20856,0.0005380694143122029
220,45,2016,230598967,433982040938.327,0.0005313560130308948
221,45,2017,229155991,417930655017.0161,0.0005483110373673591
222,45,2018,233483025,414833521669.034,0.0005628354817147092
223,45,2019,225547369,417753487578.47894,0.0005399054124177211
224,46,2012,157984845,297799880380.7213,0.0005305067443211354
225,46,2013,199964647,329072252374.1566,0.0006076618297571906
226,46,2014,194938689,349238136998.3296,0.0005581827078665593
227,46,2015,322137706,387670031668.0496,0.0008309584948156039
228,46,2016,245064623,421848254739.9506,0.0005809307499709123
229,46,2017,268504812,439319944527.31396,0.0006111828414457659
230,46,2018,278289078,438217572447.16223,0.0006350477376932539
231,46,2019,299982934,426195002732.156,0.000703863095711907
232,47,2012,183959817,297096147210.2291,0.0006191928731739076
233,47,2013,234883370,321916725564.96063,0.0007296401564341898
234,47,2014,216167150,339509545112.4407,0.0006367041902412745
235,47,2015,229734550,368132116845.6413,0.0006240546246507698
236,47,2016,263051065,399274688789.89514,0.0006588222904818837
237,47,2017,250134939,425245545491.3187,0.0005882129552021526
238,47,2018,292066498,460507228760.1731,0.0006342278247973061
239,47,2019,286727810,447985558486.1311,0.0006400380649968577
240,48,2012,213857219,290919722817.5011,0.0007351073242090096
241,48,2013,256175520,319306460534.38434,0.0008022873059670331
242,48,2014,249615364,331433875770.7526,0.0007531377515937896
243,48,2015,216647177,357439606385.4935,0.0006061084813481724
244,48,2016,218817779,377651175491.01086,0.0005794177092537832
245,48,2017,340329477,400498788996.90393,0.000849764060092154
246,48,2018,298099644,445408996100.9093,0.0006692717179256619
247,48,2019,310163789,469276769861.25,0.0006609400015511218
248,49,2012,231899912,277870333961.6639,0.0008345616053853156
249,49,2013,249094172,312287490110.9791,0.0007976437734072479
250,49,2014,303376635,328613100777.83325,0.0009232031050554647
251,49,2015,274356089,347835010354.8778,0.0007887535205846268
252,49,2016,319221349,366311355267.1439,0.0008714481394309984
253,49,2017,262903508,378545066836.7048,0.000694510458680499
254,49,2018,316479062,420073905017.3452,0.000753389006600951
255,49,2019,359003842,453383123321.71875,0.0007918332719792316
256,50,2012,201983930,265497251020.2869,0.0007607759749820017
257,50,2013,234102831,296909813071.032,0.0007884644450737431
258,50,2014,281926747,320735949980.08936,0.0008789995228707647
259,50,2015,278802481,344018016589.6942,0.0008104298831898797
260,50,2016,290868585,355440232253.1358,0.0008183333190961077
261,50,2017,333568686,366541744312.6093,0.0009100428291613959
262,50,2018,346280148,395513614217.35583,0.0008755201731430175
263,50,2019,345500157,426260723909.89136,0.0008105371609912538
264,51,2012,302487163,250819759432.14832,0.0012059941516761909
265,51,2013,223644834,281213374693.04,0.0007952851966735962
266,51,2014,325575800,303552443362.2291,0.001072552065118746
267,51,2015,300179353,333728744214.8668,0.0008994710770455347
268,51,2016,355649642,349824414037.09064,0.0010166518622748031
269,51,2017,307605661,353809884708.6533,0.00086940946054489
270,51,2018,325929153,380706443981.10583,0.0008561167223536032
271,51,2019,347329125,399508205110.1116,0.0008693917185111878
272,52,2012,229781433,232924104669.85477,0.0009865077439095058
273,52,2013,247497608,264622327396.3968,0.0009352861885658483
274,52,2014,304518546,287501574265.87585,0.0010591891427988746
275,52,2015,288906551,315593344030.4418,0.0009154393033464368
276,52,2016,389793495,339269596324.895,0.0011489196179746144
277,52,2017,343708301,347627400473.8862,0.0009887261491224692
278,52,2018,322253028,367335882645.08484,0.0008772707574319841
279,52,2019,373886804,383706537586.9018,0.0009744082192379174
280,53,2012,290940365,216568627766.2775,0.0013434095602895219
281,53,2013,289208890,244682941588.48276,0.0011819740604819223
282,53,2014,283554522,270012898075.01678,0.0010501517669027091
283,53,2015,348174955,297749006954.8618,0.0011693572333317057
284,53,2016,341751475,319794018631.7267,0.001068661247831403
285,53,2017,376115223,335478634456.4366,0.00112113018347474
286,53,2018,376413523,360486721080.0134,0.0010441813830819346
287,53,2019,408165097,368270743476.73193,0.001108328870077046
288,54,2012,213613431,203690908758.45282,0.0010487136235094018
289,54,2013,280594039,227214372094.95157,0.0012349308558823973
290,54,2014,292307821,249316871342.33987,0.0011724349797356023
291,54,2015,346630690,279199755842.6381,0.0012415150183561305
292,54,2016,353219439,301331240082.5363,0.0011721965465752945
293,54,2017,401509242,316181475241.3302,0.0012698695952808182
294,54,2018,392965657,349261071760.4526,0.0011251344302966666
295,54,2019,468283655,361361668458.5315,0.0012958863539610274
296,55,2012,216451585,188719669537.53644,0.0011469476686262832
297,55,2013,283674033,212786402304.7017,0.0013331398525822625
298,55,2014,283271739,231158004222.87152,0.0012254463779107683
299,55,2015,336577760,257983418531.67896,0.001304648810050054
300,55,2016,340204009,282011097943.0058,0.0012063497198566099
301,55,2017,375709554,297609907790.50977,0.0012624228702240157
302,55,2018,454569085,327572143721.0368,0.0013876915168559475
303,55,2019,454603311,349443739694.469,0.0013009341972973266
304,56,2012,236223508,171799135829.8425,0.0013749982318535423
305,56,2013,272263336,195905824722.66714,0.0013897664165188957
306,56,2014,301508803,216446407710.635,0.001392995181528187
307,56,2015,289824815,237823020258.9939,0.0012186575323296085
308,56,2016,628460844,259191001204.54224,0.002424701633464682
309,56,2017,440557297,277661182576.6057,0.001586672263338257
310,56,2018,407960310,305981742994.9625,0.0013332831756786103
311,56,2019,478450498,325617285116.1008,0.0014693645573188952
312,57,2012,221644871,157358740158.3027,0.00140853231779198
313,57,2013,255618200,177666068526.61188,0.001438756438524512
314,57,2014,324070663,198887666452.8842,0.001629415583076245
315,57,2015,356469911,222084512024.61484,0.001605109279122042
316,57,2016,389666312,238830193344.80603,0.0016315621845912401
317,57,2017,396479319,254187064762.0052,0.0015597934512176013
318,57,2018,402436435,284800591266.7024,0.001413046346603744
319,57,2019,392857077,303497137543.14404,0.0012944342084417612
320,58,2012,266360019,142093876646.76852,0.0018745355203598601
321,58,2013,306813648,161975303305.02557,0.0018942001758269315
322,58,2014,332501934,178910053257.09818,0.0018584865855592054
323,58,2015,379809725,202851033246.92557,0.0018723578525610316
324,58,2016,418606349,222608181558.6588,0.0018804625511470445
325,58,2017,464344563,233637588065.9787,0.0019874565854055564
326,58,2018,460557187,259972496756.41467,0.0017715611949195007
327,58,2019,523238335,282054954079.808,0.0018550935816995036
328,59,2012,235917046,128835508126.802,0.0018311492649045681
329,59,2013,241103744,146053205898.98895,0.0016507939179832068
330,59,2014,316884046,163198913923.78156,0.0019417043801406282
331,59,2015,358708271,182322822185.41315,0.001967434831801867
332,59,2016,389140632,202274864588.13452,0.0019238209986809556
333,59,2017,399927093,216945132187.724,0.001843448105827701
334,59,2018,421492953,238546391600.01486,0.0017669223590971047
335,59,2019,469462040,256482583358.13666,0.0018303856497907767
336,60,2012,256369073,116615547000.35504,0.002198412472388604
337,60,2013,217740318,132162020214.32648,0.0016475256480408791
338,60,2014,300889578,146511747682.80246,0.002053689091549335
339,60,2015,319054836,166123491829.25635,0.0019205883074497872
340,60,2016,326782463,181859269016.48563,0.0017968974843420107
341,60,2017,424425117,197621162724.92957,0.0021476703767336932
342,60,2018,488347147,220597824084.88025,0.0022137441700789255
343,60,2019,590046015,235217847968.9694,0.0025085086871377235
344,61,2012,226029543,103344305064.93323,0.0021871504468289884
345,61,2013,300580263,118391667377.85986,0.0025388633309865083
346,61,2014,284319344,131581669944.72354,0.0021607823044003044
347,61,2015,316496303,147914242047.58456,0.002139728390036856
348,61,2016,384353394,164793054746.07938,0.00233233976147981
349,61,2017,407301654,176345300835.85303,0.002309682492640546
350,61,2018,452760769,198546649455.16687,0.0022803747645322838
351,61,2019,498886908,215626870015.4208,0.0023136583486293777
352,62,2012,257799479,92559577209.93738,0.002785227490995088
353,62,2013,256624645,104528561824.20047,0.0024550672134148336
354,62,2014,266362672,117596292710.58163,0.0022650601125288024
355,62,2015,403280847,132654306005.89066,0.0030400886269164296
356,62,2016,311087283,145898162329.32895,0.0021322220789717523
357,62,2017,441880284,159117070447.1937,0.0027770765434413096
358,62,2018,445027391,177624059009.99524,0.0025054454530563197
359,62,2019,461527184,193088602690.3625,0.0023902352472875187
360,63,2012,246946858,84852694880.97256,0.00291030070814375
361,63,2013,228404608,92711089294.02228,0.0024636169172345904
362,63,2014,294083925,103790491406.52032,0.0028334380251476975
363,63,2015,305694651,118139976308.73532,0.002587563164911493
364,63,2016,386658016,130212996191.67834,0.0029694272254577807
365,63,2017,377702844,140258666437.6312,0.0026929020045114507
366,63,2018,453139781,158841698824.90454,0.0028527759672194648
367,63,2019,493087510,172178742963.1811,0.002863811766272695
368,64,2012,242895236,80935240706.26007,0.0030011059938839825
369,64,2013,250598315,84554029906.4013,0.0029637654796276958
370,64,2014,394117607,91510683602.62311,0.004306793387222635
371,64,2015,273041101,103229250281.74622,0.002644997423257284
372,64,2016,366831714,115752766708.39694,0.003169096725991166
373,64,2017,355757344,125221783300.58197,0.0028410180291558473
374,64,2018,469300958,139366847349.96152,0.003367378734065405
375,64,2019,527731247,153011701340.39755,0.0034489600623809967
376,65,2012,225116648,68916935538.49805,0.0032664924265857183
377,65,2013,251420981,80122806271.6839,0.003137945270507261
378,65,2014,277443584,82925805835.034,0.0033456845092578805
379,65,2015,287209584,90511394463.85623,0.0031731870412701566
380,65,2016,305571939,100627192080.83908,0.0030366736135747294
381,65,2017,385622729,110034937936.51648,0.003504548066564831
382,65,2018,455935225,123183159528.6453,0.0037012788659149124
383,65,2019,444696368,133216446685.14856,0.003338149147987869
384,66,2012,179956762,50629458404.01611,0.0035543884464251975
385,66,2013,252872829,67852223624.54962,0.003726817125393486
386,66,2014,257462634,78202008159.66858,0.003292276503620302
387,66,2015,251264198,81988737462.20386,0.0030646184558681703
388,66,2016,324312409,88002923781.53424,0.003685245842571095
389,66,2017,344728665,95580575910.54965,0.003606681187217567
390,66,2018,368410556,108412377187.68372,0.003398233352656837
391,66,2019,453632288,117319711119.49475,0.003866633182704973
392,67,2012,229102414,44102513924.21091,0.005194769948799447
393,67,2013,205708022,49317847206.228546,0.0041710665337805
394,67,2014,241815898,66076828768.49042,0.0036596171836157034
395,67,2015,293640236,77087347312.6496,0.0038091884885992867
396,67,2016,317615633,79814789208.66931,0.003979408279455824
397,67,2017,328462934,83502940775.56003,0.003933549297177996
398,67,2018,380781382,94057135296.94754,0.004048405055053357
399,67,2019,410169008,103631871071.73557,0.003957942703901146
400,68,2012,234268151,41479764980.133545,0.005647769487416362
401,68,2013,200126757,42746318464.85971,0.004681730829393352
402,68,2014,214645705,48155340958.953064,0.004457360299514045
403,68,2015,286813174,64754989250.42328,0.004429205800510965
404,68,2016,325584473,74295905737.18994,0.004382266691137783
405,68,2017,384420523,75726462761.13306,0.005076435752883278
406,68,2018,431196834,82304225402.8685,0.005239060715161919
407,68,2019,421259201,89285287098.72235,0.004718125625045205
408,69,2012,185441343,36639897606.5759,0.005061186169000597
409,69,2013,217099293,40266223418.960266,0.005391598083116329
410,69,2014,249543218,41445150807.77756,0.006021047411731723
411,69,2015,267890390,46957512199.35907,0.005704952785033967
412,69,2016,337573840,62415572990.351074,0.005408487398684717
413,69,2017,361217412,70258023920.12878,0.005141297631863966
414,69,2018,557336528,74236392440.64954,0.007507591757581419
415,69,2019,392457852,77646420798.3591,0.005054422959419835
416,70,2012,157299422,29346088320.074097,0.00536014954648657
417,70,2013,189325318,35526712745.1319,0.0053290975542324166
418,70,2014,203162225,38783562983.94934,0.005238358968826023
419,70,2015,281788979,40543089058.94214,0.00695035789183037
420,70,2016,295792745,45003535020.80554,0.0065726557894452585
421,70,2017,277571193,58708556385.430176,0.00472795125769581
422,70,2018,345868548,68261717384.687805,0.005066801147865404
423,70,2019,397676112,69617169741.52118,0.005712328057525404
424,71,2012,149055902,24373489660.0748,0.006115492860431975
425,71,2013,253129729,28261175637.059387,0.008956801098821467
426,71,2014,207621881,34320446786.578613,0.006049509853152402
427,71,2015,246863590,37822805303.4245,0.006526845061322006
428,71,2016,236084155,38889264645.61609,0.006070676757489507
429,71,2017,278356333,42423022181.30542,0.006561445146702996
430,71,2018,350839770,57620040024.09042,0.006088849814288866
431,71,2019,400658831,64614639301.54486,0.006200743907741983
432,72,2012,141152794,20586020033.753204,0.00685673062440255
433,72,2013,156000313,23368506501.155853,0.006675664659711304
434,72,2014,176421161,27348159051.760406,0.006450933705120591
435,72,2015,275874289,33410598091.29236,0.008257089210022247
436,72,2016,246863083,36340212926.72327,0.006793110527386753
437,72,2017,261616415,36847230105.29578,0.007100029344197566
438,72,2018,263557898,41436685178.24988,0.006360496667777412
439,72,2019,394825119,54380486511.18555,0.007260419027674352
440,73,2012,206850806,18486903156.534424,0.01118904579358312
441,73,2013,140252928,19621548213.878082,0.007147903237360282
442,73,2014,168544377,22515971637.95703,0.007485547579739834
443,73,2015,239297536,26507343916.492188,0.009027593890729853
444,73,2016,249638784,31994526426.769775,0.007802546619071929
445,73,2017,248878942,34103099094.33557,0.0072978394518209075
446,73,2018,323999096,36180833280.30429,0.008954992647346652
447,73,2019,319977669,39217514162.7106,0.0081590502567918
448,74,2012,141518132,16731598575.4234,0.008458135746088972
449,74,2013,156191517,17329856822.090332,0.009012856747950913
450,74,2014,152085778,18932420004.610382,0.008033087051891116
451,74,2015,189507434,21995352890.76187,0.008615794206220434
452,74,2016,233295455,25378197365.92798,0.009192751227997604
453,74,2017,294036226,30214454717.324432,0.009731640989417057
454,74,2018,359056663,33632242435.685944,0.010675965591251153
455,74,2019,399652000,34051954737.090637,0.01173653621607468
456,75,2012,140827030,14501246750.698486,0.00971137395432684
457,75,2013,169187109,15739136514.342072,0.010749453049462438
458,75,2014,162203382,16701315484.864624,0.009712012335016063
459,75,2015,172409679,18259384913.592865,0.009442250098559058
460,75,2016,215427827,20791206941.477448,0.010361487315593592
461,75,2017,246737578,23670492600.64209,0.010423846354313173
462,75,2018,363208395,29727288569.332092,0.012218012892528008
463,75,2019,372141686,31546558798.437073,0.011796585750533184
464,76,2012,133555561,14750820980.561157,0.00905411035602706
465,76,2013,121146897,13712980105.374664,0.008834468953434687
466,76,2014,180300832,15250073696.872925,0.011822948241684316
467,76,2015,171821868,16038451278.53769,0.010713120925206059
468,76,2016,184277543,17412040903.3851,0.0105833396568793
469,76,2017,196332714,19515147795.39612,0.010060529187809558
470,76,2018,376003167,23530841408.58542,0.015979163705672345
471,76,2019,339738680,27882790805.39377,0.012184529244980724
472,77,2012,183599640,13146545325.609192,0.013965618757830757
473,77,2013,156222574,13819709542.096985,0.01130433121796965
474,77,2014,125398960,13370465910.104248,0.009378802567024553
475,77,2015,175373745,14727697377.984802,0.011907750444557035
476,77,2016,191387265,15300594170.039398,0.012508485806045478
477,77,2017,209084033,16391603431.083923,0.012755557067925841
478,77,2018,327190580,19568622298.322144,0.016720164302422763
479,77,2019,415113150,22034290524.52124,0.018839415298533627
480,78,2012,218310858,12643454118.193542,0.017266710185301133
481,78,2013,164655853,12366381398.782532,0.013314796599772537
482,78,2014,126930648,13450861062.656067,0.009436618771745436
483,78,2015,191261304,12885291724.005463,0.014843381748484418
484,78,2016,252205157,14082153748.046692,0.017909558545686443
485,78,2017,235047193,14481637062.400818,0.016230705961431755
486,78,2018,278871596,16381930383.926453,0.017023121785062763
487,78,2019,316678703,18423267574.31015,0.017189062782846647
488,79,2012,136382553,12532029041.725647,0.010882719194626146
489,79,2013,168776522,11957715952.529266,0.01411444482123702
490,79,2014,238316725,12249268555.674744,0.019455588218742624
491,79,2015,247991881,12902052632.424072,0.019221118380556988
492,79,2016,239275590,12274382972.813873,0.019493899655075423
493,79,2017,258028266,13326746878.328003,0.01936168431469246
494,79,2018,278955953,14439876770.824066,0.019318444154844426
495,79,2019,282641609,15540741971.405487,0.018187137365773934
496,80,2012,267940498,12384774717.67456,0.021634668704761884
497,80,2013,204890454,11817858579.510712,0.017337358762714434
498,80,2014,243302812,11700324626.544495,0.020794535174521532
499,80,2015,263006422,11602510727.245636,0.022668061093224785
500,80,2016,226277940,12224625021.60022,0.01851001070381952
501,80,2017,219870901,11599165223.856812,0.018955752138763934
502,80,2018,226727609,13360732707.34085,0.016969698740805433
503,80,2019,247941539,13574412080.778687,0.018265361145996462
504,81,2012,211616268,12252241775.468353,0.017271636642340972
505,81,2013,262158547,11789367504.572266,0.022236862740798193
506,81,2014,284623058,11584721703.772736,0.02456882998814795
507,81,2015,177016466,11204207165.878662,0.0157991068336443
508,81,2016,316055460,11073366024.419556,0.0285419500541225
509,81,2017,217406254,11804856849.306763,0.018416678556569463
510,81,2018,276025119,12079363938.736938,0.022850964703101922
511,81,2019,307843632,12713141476.480988,0.024214599717111894
512,82,2012,147200598,11259220840.216034,0.013073781932957948
513,82,2013,262618215,11725262150.714783,0.022397641231756218
514,82,2014,186276776,11393927440.360748,0.016348776747528788
515,82,2015,258833957,11217919422.789856,0.023073258707328896
516,82,2016,321140438,10760825607.93512,0.029843475742529314
517,82,2017,268857654,10588484442.019806,0.025391514288206678
518,82,2018,333513469,12555763519.285767,0.02656257968603186
519,82,2019,319659691,11495939571.123657,0.027806312743931312
520,83,2012,238239768,10684281070.560791,0.022298156181648952
521,83,2013,280580753,10873968338.92389,0.025802976820858286
522,83,2014,316266756,11515967593.00354,0.02746332459220761
523,83,2015,267190226,11077638495.795044,0.024119782036705985
524,83,2016,256623541,10723295826.837158,0.023931405525318913
525,83,2017,357145610,10323993935.93042,0.03459374465118894
526,83,2018,458616060,11382510169.801147,0.04029129367410985
527,83,2019,344541083,11909262470.196503,0.028930513863661203
528,84,2012,263288089,9917489105.999786,0.026547857646822978
529,84,2013,222590666,10264731188.82544,0.021684997093963876
530,84,2014,365901918,10581276066.377563,0.0345801315176596
531,84,2015,367729992,11084315775.082764,0.03317570515508471
532,84,2016,436329010,10536441958.625824,0.04141141874205385
533,84,2017,436239591,10328294670.342896,0.042237330065014206
534,84,2018,502415729,10818982708.148407,0.04643835215871095
535,84,2019,422500170,10723040495.974457,0.039401154006516254
536,85,2012,231640000,8530721339.244019,0.02715362403579902
537,85,2013,332182851,9637624609.749176,0.03446729504944323
538,85,2014,360765923,9894723129.801392,0.03646043636263336
539,85,2015,386850442,10110265132.900238,0.038263135230858954
540,85,2016,380859777,10489744436.282532,0.03630782230334042
541,85,2017,529288443,10049845235.66925,0.05266632774815592
542,85,2018,416051206,10788870141.421448,0.03856300062438092
543,85,2019,392720820,10130711517.180847,0.03876537391613393
544,86,2012,400951231,7320025728.431335,0.05477456581097604
545,86,2013,382846374,8212122174.140625,0.046619663697351627
546,86,2014,473205974,9232586524.036987,0.05125388998716783
547,86,2015,567655693,9505964535.993927,0.05971573856083684
548,86,2016,481059878,9432644316.453583,0.050999471819463814
549,86,2017,526582025,10150504819.608124,0.05187742229162643
550,86,2018,422663389,10482059873.47232,0.04032255053891303
551,86,2019,438573756,10289816416.450684,0.04262211668799426
552,87,2012,431671354,6084598897.980103,0.07094491539011741
553,87,2013,365434611,6979992610.23407,0.052354584224659426
554,87,2014,187685012,7773286597.32016,0.02414487226866232
555,87,2015,373323560,8674955391.837585,0.04303463742894477
556,87,2016,515191555,8750025872.29126,0.058878860762167466
557,87,2017,512168236,8968737315.014893,0.05710594680285266
558,87,2018,742657390,10582634635.564972,0.07017698480340212
559,87,2019,686789792,10035146532.85614,0.06843844180564548
560,88,2012,312397886,4448817856.955139,0.07022042619964923
561,88,2013,305589035,5604852906.305267,0.0545222221008196
562,88,2014,344965258,6626835964.137329,0.05205580157210169
563,88,2015,432866054,7473963492.240662,0.057916533101799866
564,88,2016,463706984,8006315760.861206,0.057917648747608345
565,88,2017,510587241,8311587140.695801,0.06143077517650335
566,88,2018,775709228,9272974630.211884,0.08365268524219778
567,88,2019,608344616,9793544698.751984,0.062116897886576546
568,89,2012,176471591,3549678844.541626,0.04971480483970036
569,89,2013,287528076,4157642368.6983643,0.06915651960945755
570,89,2014,377872564,5330354105.688721,0.07089070566563722
571,89,2015,502780553,6206705584.417053,0.08100602584764333
572,89,2016,426042705,6790812591.728638,0.06273810376079729
573,89,2017,699203057,7638045359.640472,0.09154214515333958
574,89,2018,581620874,8468527608.834686,0.06868028314547044
575,89,2019,651145854,8415540053.811676,0.07737422076733798
576,90,2012,224636404,2624056167.316284,0.0856065532430061
577,90,2013,204512111,3388438635.040161,0.060355855019807975
578,90,2014,263541652,3866164421.971924,0.06816617795721722
579,90,2015,527888487,4878667738.012421,0.10820341030542549
580,90,2016,442348422,5556000600.770996,0.07961633804334292
581,90,2017,436531398,6378135777.806335,0.0684418477761128
582,90,2018,546867331,7489300799.212982,0.07301981128297956
583,90,2019,713619526,7826603347.970245,0.0911787009348149
584,91,2012,168438648,1767393027.713379,0.0953034471443643
585,91,2013,226158532,2452206209.0440674,0.09222655548538163
586,91,2014,257864238,3170979876.6358643,0.08132004870165611
587,91,2015,272406331,3494220427.1012573,0.07795911468183575
588,91,2016,543547677,4258304659.9558105,0.12764414958643203
589,91,2017,374119285,5078178436.175537,0.07367194550212687
590,91,2018,651377045,6457042247.783478,0.10087854779386018
591,91,2019,719904555,6902620678.4844055,0.10429438158813444
592,92,2012,98754598,1195252834.2556763,0.08262234999132863
593,92,2013,145875739,1651333779.5650635,0.0883381305494892
594,92,2014,198850316,2222061857.880493,0.08948910008728234
595,92,2015,241608253,2873461677.09021,0.08408264321961058
596,92,2016,284264145,3103740101.4747314,0.09158761226976861
597,92,2017,394145600,3796162839.993042,0.10382736900736388
598,92,2018,395170940,4903743870.173828,0.08058555880203261
599,92,2019,576189943,5729303904.94931,0.1005689264453668
600,93,2012,176212100,757768698.9350586,0.23254074791904478
601,93,2013,69157253,1075578670.5195312,0.06429771702947151
602,93,2014,175950471,1509066076.690918,0.1165956042069572
603,93,2015,283920693,2026057616.3797913,0.1401345601944511
604,93,2016,271007983,2493070847.635254,0.10870448517620689
605,93,2017,405606748,2932244993.786194,0.1383263502400151
606,93,2018,541407211,3601272317.708313,0.15033775933515828
607,93,2019,709552072,4499465866.88678,0.15769695625915378
608,94,2012,57682745,437156623.6368103,0.13194983646850292
609,94,2013,90466779,617541517.8792114,0.14649505560481996
610,94,2014,123417837,1004733314.5405884,0.12283641361731146
611,94,2015,225360225,1297212074.3985596,0.17372658599750251
612,94,2016,168054806,1655907013.1280518,0.10148806947954164
613,94,2017,304501043,2324257927.3413086,0.13101000513669978
614,94,2018,340215823,2619916007.8549194,0.12985753053913926
615,94,2019,513307742,3071830477.660034,0.16710158510798162
616,95,2012,17344112,212387230.46264648,0.08166268735751694
617,95,2013,101267057,408618816.4182129,0.2478276891105163
618,95,2014,85513732,522325923.06134033,0.16371718925763049
619,95,2015,180751445,814153684.3280029,0.2220114561652952
620,95,2016,128333976,1043689601.3587036,0.12296182297201326
621,95,2017,223396560,1478328382.9439697,0.15111430083965788
622,95,2018,453714696,2151451219.7006836,0.21088774490695733
623,95,2019,377941963,2215078236.31604,0.17062239915668445
624,96,2012,24425100,190968994.96972656,0.12790086685994237
625,96,2013,12431156,195242818.87402344,0.06367023418167793
626,96,2014,57413063,317095857.3010254,0.18105901315984912
627,96,2015,50200716,386497105.93408203,0.12988639560101092
628,96,2016,141471836,639033510.0560608,0.22138406480059086
629,96,2017,124525657,919047253.2880859,0.13549429211009895
630,96,2018,225042486,1364270344.6479492,0.1649544658673002
631,96,2019,328031001,1672703969.711609,0.1961082217414453
632,97,2012,21094150,85551121.2578125,0.2465677794734185
633,97,2013,57068691,180961537.97070312,0.3153636493144702
634,97,2014,60651267,177421787.39648438,0.34184790881664745
635,97,2015,68607057,256058929.73706055,0.26793463938340517
636,97,2016,46674808,328977805.7536621,0.1418782883941721
637,97,2017,107486034,531028255.5516968,0.20241113891073542
638,97,2018,158100447,816630501.998169,0.19360095736462524
639,97,2019,166156550,1094153070.810913,0.15185859678377164
640,98,2012,741222,17588492.592773438,0.04214244035356077
641,98,2013,25539782,75931233.55566406,0.33635410362821466
642,98,2014,34171685,135339380.5834961,0.2524888532271519
643,98,2015,31298938,100637482.60522461,0.3110067659658958
644,98,2016,24159231,189554575.14086914,0.12745263986398564
645,98,2017,56594288,268183182.5300293,0.21102847488829007
646,98,2018,82715138,489289828.1218262,0.1690514154310298
647,98,2019,133336302,640431287.8284912,0.20819767012336807
648,99,2012,6899219,16524004.883789062,0.4175270491942607
649,99,2013,1378158,16924815.774902344,0.08142824231172183
650,99,2014,10269353,54606739.740722656,0.1880601744172925
651,99,2015,9122224,97869315.47338867,0.09320821297131066
652,99,2016,32014899,77928774.60803223,0.4108225640789196
653,99,2017,32991663,156238799.46875,0.21116177999434005
654,99,2018,52890877,239390572.8400879,0.22093968184507803
655,99,2019,64700663,393980303.6958008,0.16422309032472987
656,100,2012,355452,16213831.549560547,0.021922763839842287
657,100,2013,16101029,18989154.75390625,0.8479065660722926
658,100,2014,449782,14695530.859893799,0.030606720117033626
659,100,2015,5903938,20406794.88269043,0.28931236061023347
660,100,2016,15304000,65184897.20278931,0.2347783099571281
661,100,2017,7122911,37875318.61288452,0.18806207474587183
662,100,2018,43358893,125007033.74475098,0.34685162667353214
663,100,2019,31752761,149345327.1569214,0.21261301980099095
664,101,2012,0,1002080.25,0.0
665,101,2013,5250000,5211233.796875,1.007438968320371
666,101,2014,222844,13696161.498046875,0.0162705441252119
667,101,2015,835157,12856757.0234375,0.06495860491705122
668,101,2016,1775219,12135231.483398438,0.14628637306413003
669,101,2017,33676178,47688270.70880127,0.7061731847153094
670,101,2018,3018131,26610501.560058594,0.11341879420003516
671,101,2019,34008230,88864537.46691895,0.38269742879897434
672,102,2012,0,135616.5,0.0
673,102,2013,0,239383.5,0.0
674,102,2014,0,550957.796875,0.0
675,102,2015,558227,11367066.986328125,0.04910915020307474
676,102,2016,200000,11927939.28515625,0.01676735563609805
677,102,2017,1788304,23761254.2578125,0.07526134692203888
678,102,2018,5367738,18047203.478515625,0.2974276876963264
679,102,2019,12096571,25602115.62939453,0.47248325783325407
680,103,2013,0,135616.5,0.0
681,103,2014,0,239383.5,0.0
682,103,2015,800000,1138273.521484375,0.7028187732564959
683,103,2016,5700000,15670969.298828125,0.3637298938762037
684,103,2017,9357032,8885903.372558594,1.0530197783712507
685,103,2018,18014055,20720714.669921875,0.8693742125675398
686,103,2019,2496951,12715930.447265625,0.19636400264653325
687,104,2014,0,135616.5,0.0
688,104,2015,0,454752.2734375,0.0
689,104,2016,6104739,6170492.0,0.9893439615512021
690,104,2017,140000,1313601.791015625,0.10657719938989847
691,104,2018,150402,1807771.306640625,0.08319747052490367
692,104,2019,120225,3327770.86328125,0.03612778792150842
693,105,2015,0,214659.40625,0.0
694,105,2016,571387,356727.59375,1.6017460101514784
695,105,2017,0,65753.0,0.0
696,105,2018,0,1173601.044921875,0.0
697,105,2019,0,1657369.306640625,0.0
698,106,2016,0,0.0,
699,106,2018,0,111294.94921875,0.0
700,106,2019,0,1173601.044921875,0.0
701,107,2018,142074,142074.0,1.0
702,107,2019,0,65753.421875,0.0
703,117,2018,0,375342.46875,0.0
704,118,2018,0,124657.53125,0.0
